lr_predictions,ridge_predictions,dt_predictions,rf_predictions
2.957163822754056,2.908680345425258,2.0,3.0563163981696277
3.073863041504056,3.1564237320887454,2.0,3.0982203398105033
4.185313236816556,3.9960223785262,2.0,3.193928885651764
2.527476322754056,2.886356097927502,2.0,3.423282614390191
3.352183354004056,3.316586137635491,2.0,2.962499921894447
1.444773686035306,1.9222541229190253,2.0,2.161986590194581
2.229502689941556,2.6229368355769407,1.0,2.81150457377342
1.877085697754056,2.376876199637441,2.0,2.9589932607926412
1.429698002441556,1.845379333118558,2.0,2.7886696843668117
1.656138432129056,1.9002927588206744,1.0,2.6186420982967826
1.610728275879056,2.0700863855966443,1.0,2.6428041195149596
-0.123402583495944,0.6090280509851009,1.0,2.731331893000208
1.043223393066556,1.57250076755393,2.0,3.9153537594545083
1.605601322754056,2.044141667709094,2.0,3.070006614618895
2.711924564941556,3.017681659505255,2.0,3.802363663086355
2.119639408691556,2.5869275472014857,2.0,3.1408156741347932
1.936167729004056,2.5166499621082994,2.0,3.2610526722903086
1.772349369629056,2.2958040097731884,2.0,3.0155168744421332
2.059092533691556,2.0190682645720703,2.0,3.064668938771773
2.334483158691556,2.1981892993441217,2.0,2.8438960917591793
1.937632572754056,2.206779800836282,6.0,2.4233818585248694
2.427134525879056,2.3594828757676067,2.0,2.3770410239408357
3.358531010254056,3.0294920477118072,1.0,2.327301587151908
2.852671635254056,2.58884756666379,2.0,2.74403993439439
1.551157963379056,1.6001490002663932,2.0,2.695311808083462
2.563609135254056,2.6009393991569856,1.0,2.6905446330550635
2.573191654785306,2.4636064836996923,2.0,2.912980411845725
2.510508549316556,2.5771491615619557,2.0,2.7957118649863477
2.261118900879056,2.9890109305275963,2.0,3.3133777554598316
2.092967045410306,2.2775574150655173,2.0,2.891156853924923
4.382212650879056,3.749939619923621,2.0,3.0120318778922686
4.071909916504056,3.638715150254028,2.0,2.9981522442773776
4.688731205566556,4.038927265952766,1.0,2.8972777913003243
4.905039799316556,4.055035426997316,2.0,2.9467266775199894
3.906443607910306,3.3523581973786936,2.0,2.543216158052727
2.822398197754056,2.9043213280936366,1.0,2.410494672368781
3.321909916504056,3.222220779370172,2.0,2.7003187755996962
3.071665775879056,3.007776602075088,2.0,2.801516984511232
4.091929447754056,3.748570288525898,2.0,2.7348829515258872
3.262461674316556,3.3569869524879725,2.0,2.966197980431431
2.003062260254056,2.3811552132056417,2.0,2.9315267749170455
1.633677494629056,1.8765774065655227,2.0,3.185212480097358
2.594981205566556,2.5850664615201304,2.0,3.0942140884759834
2.085581791504056,2.2140727171216352,2.0,3.007795999493725
3.409190189941556,3.343242228897368,2.0,3.5154271004144975
3.192149174316556,3.2405678489295835,2.0,3.2110774526873436
2.521128666504056,2.6949725158533866,2.0,3.087987207484792
2.260630619629056,2.5360890155204188,2.0,3.1712105655872698
3.569437992675931,4.1356341347662,1.0,2.7614516061203496
1.891215336425931,2.4430709626471114,1.0,3.401396586128373
3.210673344238431,3.281496586681496,1.0,3.5382275692302985
3.070658695800931,3.432190067600404,2.0,3.5586267667266034
3.268412602050931,3.396129265959803,2.0,3.3286781614375744
2.700877201660306,2.794805570653181,2.0,3.012868734913919
2.861552250488431,3.404046550057233,2.0,3.4112114701796385
3.139384281738431,3.639152377715448,2.0,3.8291179297177727
3.959910404785306,4.045619092637179,2.0,4.849339802384429
0.339732182129056,0.927059225872378,2.0,2.5811549613151805
1.255625736816556,1.712112764131962,2.0,2.7489512593481753
2.379649174316556,2.7009130966326635,1.0,2.632195428497861
3.092539799316556,3.369571556718137,3.0,3.1466870290560047
1.720957768066556,2.1918111621249072,3.0,3.175451041381181
2.117320072754056,2.2825609945876355,3.0,3.914638573122798
2.575572025879056,2.78385627229148,3.0,3.790971445721611
2.497447025879056,2.73777732820387,3.0,2.9584398933714033
3.119273197754056,3.099517026993134,2.0,3.4118736109348964
5.869517338379056,5.6344289377196,3.0,4.520787591925742
4.968272221191556,4.843545964394673,3.0,4.341516457767311
4.853281986816556,4.855965204004056,3.0,4.333517793452956
4.317332279785306,4.394696791644381,3.0,4.726672735141022
1.145152104004056,1.3659771518939865,1.0,2.4070604701845233
1.664439213379056,1.711515430615584,2.0,2.8248378995153933
2.741099369629056,2.635288017788106,2.0,3.0135606739256944
2.918467533691556,2.7686111013666004,2.0,2.9371004963974934
4.179942143066556,3.772870839577519,2.0,2.8245911900216525
3.287486088379056,3.467528620144772,2.0,3.594055574517176
3.521250736816556,3.0367704680634917,2.0,3.095639420181682
1.569468510254056,1.9882451696040675,2.0,3.3509408603631066
2.618906986816556,2.653793888664875,2.0,3.2342622100828606
2.698374760254056,2.8055851958421933,2.0,3.7281293600597327
4.216319096191556,3.9165415668957912,2.0,4.275975771209599
3.583994877441556,3.535268361682198,2.0,3.393966173502101
2.363413822754056,2.864196170869376,2.0,3.154826916880566
1.944468510254056,2.260808890678799,2.0,3.0043319943645663
4.177378666504056,4.207316476631589,3.0,3.956012056001511
4.453989994629056,4.459781598169893,3.0,4.427862658084292
4.118845951660306,4.071352091181245,3.0,4.397301420986635
4.316050541504056,4.09595298819796,3.0,3.726465696362234
4.136729252441556,3.9460244695194384,3.0,3.973653776840781
5.015757572754056,4.688767086327255,3.0,4.164424566257249
2.689951908691556,2.698792951080182,2.0,3.0295116797265074
2.318003666504056,2.449321817478365,1.0,2.8638062895963166
2.394785893066556,2.417131215972104,2.0,2.8743437928860396
2.422007572754056,2.3916891814835566,2.0,3.0198554118135417
2.850718510254056,2.4261991372122678,2.0,2.414024824607816
1.655222904785306,1.6494436488835154,1.0,1.9670703799498572
2.672953617675931,2.6315506676230287,2.0,2.6529722455667843
2.297831547363431,2.278896353244137,2.0,2.5435440967320497
2.469584477050931,2.1588745609872517,2.0,2.6178694309947117
3.168681156738431,2.690126676580504,2.0,2.6557618069201685
2.964213383300931,2.889352156679962,2.0,3.143683196892237
1.154429447754056,1.4617221964064364,1.0,2.005595492957059
2.938120854004056,2.8977051115900627,2.0,2.5743041949469263
1.443003666504056,1.69050923509703,1.0,2.0409261197385553
5.587168705566556,5.192656163900576,3.0,4.274018158546931
4.986948979004056,4.739033580029439,3.0,4.889385727919018
4.783335697754056,4.640012625434158,3.0,4.793359111703448
3.927683842285306,4.067427690129516,3.0,4.328181770697728
4.352244389160306,4.0941260965267965,3.0,3.8982503740469316
4.733531010254056,4.467441868718503,3.0,4.109422810988926
3.467661869629056,3.4915576614726453,2.0,3.737328015477609
3.523570072754056,3.38425181535961,2.0,3.7984428479656613
2.130503666504056,2.3197990280191787,2.0,3.7927257286846827
3.156138432129056,3.3561908876596256,2.0,3.1376712070625077
4.599131596191556,4.433600228124876,2.0,4.033629638643141
4.936045658691556,4.698795211544041,3.0,4.724575692361914
2.596629154785306,2.60993474367498,2.0,3.0313261684819244
3.123423588379056,2.849415628491847,2.0,2.6996212399155084
2.886363041504056,2.726380812564868,2.0,2.6748486457992877
2.479380619629056,2.584263083679516,1.0,2.029239584188997
4.156016361816556,3.8116991182512026,2.0,3.133210051531376
4.897349369629056,5.204062832100554,2.0,3.370550813633608
5.478159916504056,5.126927018838775,3.0,5.143453194309509
4.407176029785306,4.0849486762545,1.0,5.1409608435306415
5.469431889160306,5.06210056743048,3.0,6.95238436613712
4.495005619629056,4.400314900975415,3.0,4.650210668435621
1.188364994629056,1.564675852034469,1.0,2.0117669108840617
2.153513920410306,2.249288899829519,2.0,2.6699271580878627
1.500620854004056,1.8339010542954075,2.0,2.528195921778613
1.452097904785306,1.842683600715792,2.0,2.747379448715498
1.495371830566556,1.7422331188116789,1.0,1.9764950550600036
1.576792729004056,1.889220637854868,1.0,2.0545460807965177
2.765879643066556,2.9655217918624284,3.0,3.5099772479873
4.306651127441556,4.003621772286987,3.0,3.7999607378750344
3.583140385254056,3.611625569073155,3.0,4.77331794579293
2.801157963379056,3.033042270992377,3.0,5.182385494017857
3.722056400879056,3.782071549536533,2.0,3.0595571779814437
1.766856205566556,2.3222443371299764,2.0,3.070154019230823
2.329112064941556,2.636771029944011,2.0,2.9213724140157495
2.912730229004056,3.152036234103941,2.0,3.228274680766926
2.823374760254056,3.8181049051982336,2.0,3.068359880632696
3.725687992675931,3.936345568028089,3.0,4.363765395808224
4.144511234863431,4.325981562526743,3.0,4.312736032116175
4.983256352050931,4.731974165290524,3.0,4.234975498534357
4.704081547363431,4.639750008506509,3.0,5.666306882586055
4.747782719238431,4.75458004255915,3.0,5.207612090791786
5.328837406738431,5.349606653243169,3.0,5.593758651515605
5.644480717285306,5.595931417653004,3.0,7.263225258059265
6.337382328613431,5.872386294554802,3.0,7.116055422281585
4.279398930175931,4.53432038191964,3.0,6.755243196630924
4.889140141113431,4.561042798298515,3.0,6.470846667395276
5.025126469238431,5.16149831531199,3.0,5.907461802767426
2.468485844238431,2.5066153400851805,2.0,2.8463375685314096
3.049296391113431,2.818952686021232,2.0,3.0167581836751864
3.439433109863431,3.274135608449777,2.0,3.0705915804414565
2.858836186035306,2.8225788448697227,2.0,2.7983470578333725
3.590586674316556,3.583056659632774,2.0,2.904812067196833
2.821909916504056,2.9999743625634623,2.0,2.853641355314523
2.163340580566556,2.216063675467987,2.0,2.685605183737747
2.953013432129056,2.743224670816473,2.0,2.685605183737747
3.192393314941556,2.9939555086366987,2.0,2.7667586890989626
2.670176518066556,2.948781308921115,2.0,3.545677354333089
3.057993900879056,3.2064621214178888,2.0,3.130884969653028
1.656382572754056,2.1428568936447383,2.0,3.000066403008825
1.688242924316556,1.9592139903605208,1.0,3.0569288229876386
2.591685307129056,2.603609535425177,2.0,2.432870059836126
3.733653080566556,3.421308704906961,2.0,2.7580407085240193
3.175791752441556,3.065835001287053,1.0,2.888554559935265
1.787241947754056,1.8955051864452144,1.0,2.7201996511802875
2.723277104004056,2.672076765216832,1.0,2.9114861722261085
1.562998783691556,2.721149505627796,2.0,3.9938800390282645
2.370493900879056,3.129503250681356,2.0,3.273551739639763
3.477061283691556,3.7213763771712394,2.0,3.2013350748768516
3.540171635254056,3.996052721551073,2.0,3.5182346114546896
4.269663822754056,4.662882155728182,2.0,4.37620187546445
1.464488041504056,1.5264538141979749,2.0,2.3142161354435045
3.000742924316556,2.8355841511234074,2.0,2.6018284761867765
2.613413822754056,2.633185611907665,2.0,2.6152512916322803
2.547007572754056,2.3965289278322848,2.0,2.7836387069871424
1.463023197754056,1.74052240009265,2.0,2.882066464602431
1.975230229004056,2.2462304584044444,2.0,3.6912682140428745
2.279795658691556,2.4314384158292195,2.0,3.218236230278579
2.737437260254056,3.1402927165005097,3.0,3.895192209354088
4.393260014160306,4.0696479734285615,2.0,3.553490714781556
3.250132572754056,3.143231050527333,1.0,3.442327446496152
3.639536869629056,3.4538410647730746,1.0,3.337779539440544
3.872508061035306,3.502331812039108,2.0,3.5030392777093704
4.606822025879056,4.14582507779785,2.0,3.374331064141439
4.234751713379056,3.8310046962023594,2.0,3.628052992865617
2.352000248535306,2.684200964472734,2.0,2.822821036103888
2.848887455566556,3.3501958872945394,2.0,2.9199557749817764
1.996958744629056,2.650758241179356,2.0,2.884452220143471
1.704600346191556,2.280476227606425,2.0,2.6697600963021237
2.471568119629056,2.7964816496367875,2.0,2.7470866126967346
3.406504643066556,3.4297412102869367,2.0,2.8910169407528956
3.725840580566556,3.620964375676356,2.0,3.168511673734837
3.518443119629056,3.4750073780174886,2.0,2.960986483116442
3.472910893066556,3.15460039408613,2.0,3.285744456028305
3.240122807129056,3.109523130645658,2.0,3.0229788524536603
4.645762455566556,4.314770128495627,2.0,3.179282162092313
2.404551518066556,2.257983923239796,2.0,3.058710256835145
3.186411869629056,3.2841437542710774,3.0,3.0793816770613724
2.916758549316556,2.976483723811268,3.0,3.1360229910458832
4.415537846191556,4.194661559678196,3.0,5.2507332515152125
2.533335697754056,2.6794945568534376,3.0,3.1734967956513174
3.794810307129056,3.829025200493213,3.0,3.4150538955803675
2.773570072754056,2.9215237064610773,1.0,3.0273171114594617
0.314341557129056,0.9230590872608052,1.0,1.8931850862809363
1.922251713379056,1.8600975611236563,2.0,2.0141213966574947
3.518931400879056,3.144523387078053,2.0,2.9108802065566644
1.834605229004056,1.7975705624147524,1.0,2.0368269583630174
4.840342533691556,4.202636825889665,2.0,3.057117209249507
2.920298588379056,2.996877768170831,2.0,3.18577827329617
4.195933354004056,3.8470027226724905,2.0,2.888090617281133
3.599741947754056,3.5264736160315597,2.0,3.8971303797219923
4.049693119629056,3.649572484331466,2.0,4.2002907260965925
1.863902104004056,2.060231704010076,2.0,3.751979761398793
5.567851078613431,5.399310104556462,3.0,6.636684742001687
4.501811039550931,4.475748156903654,3.0,7.3317811976152845
6.205424320800931,5.516185576608185,3.0,7.315022925549716
5.298563969238431,5.065941428012012,3.0,7.201184064608443
3.651255619629056,3.541513716644661,2.0,2.6133056973287614
3.569834721191556,3.5588429088889684,2.0,2.512450032469095
4.127940189941556,3.648518601134848,1.0,2.1504737459140335
4.161326420410306,3.612290044026665,2.0,2.9642353992894974
4.225596439941556,3.7982230270499215,1.0,2.005710006912619
3.653819096191556,3.437314587590529,2.0,2.8873354508678526
3.689341557129056,3.3180851810608285,2.0,2.685139637080426
3.690440189941556,3.482866602476101,2.0,2.2758922861910125
3.332957279785306,3.295031007513034,2.0,3.6899540744051595
3.222544682129056,3.226739426538522,2.0,3.571610039283712
4.353404057129056,4.144027139154273,3.0,4.36052845267321
3.569041264160306,3.4157024328393426,3.0,4.139577949825779
3.974741947754056,3.656064616003592,3.0,3.3079969473434736
3.539073002441556,3.2335353446628408,1.0,3.990869554630334
4.399790775879056,3.9462729988026695,1.0,3.5672260719461004
2.068247807129056,2.019248828177535,1.0,2.073410351367115
3.730357182129056,3.4357133350773763,2.0,2.9466868444659218
4.530650150879056,4.158742498447804,2.0,3.225597122820415
4.321299564941556,3.772945418570671,2.0,2.8203740433153226
2.550425541504056,2.3579253327352983,2.0,2.3314573750562135
3.166880619629056,3.153220886390477,2.0,2.8791232950520573
4.964854252441556,4.800024225018523,2.0,3.2255415952054003
4.545878422363431,4.657614931458872,2.0,3.3224454264751504
6.114481937988431,5.296177776418657,2.0,3.209071882703045
3.405863773925931,3.380667942560464,2.0,3.076823824408109
3.608012211425931,3.877460393508258,2.0,3.19191960600254
4.061625492675931,4.293144802640387,2.0,3.24205066103612
1.967265141113431,2.5894346904085097,1.0,3.0270415516767986
2.640269291504056,2.6652034399870246,2.0,3.050218339413817
2.332468998535306,2.510766947233474,2.0,3.75271914038597
3.707530033691556,3.822942023357797,2.0,3.4631559881504224
2.979380619629056,3.7031144701937215,2.0,3.8298055102097117
2.360056889160306,3.2097758523795568,2.0,3.84824653807885
3.988657963379056,3.8896266300547433,2.0,3.1425013192672244
2.027232182129056,2.033387497465085,1.0,2.5648953997816073
2.841685307129056,2.846169909048583,1.0,2.674083048104112
4.316660893066556,4.159119055189047,2.0,3.249104266146518
5.257334721191556,4.9151004556490445,2.0,4.267641435396237
2.561533939941556,2.592954634315145,3.0,3.503283492754889
1.876353275879056,2.174738874724093,3.0,3.6157727620686337
3.697154057129056,3.664457583776072,3.0,3.582852275077851
2.126597416504056,2.375135730247768,3.0,3.5066427895236365
2.527110111816556,2.739973652977877,3.0,3.6178988875509335
3.979258549316556,3.976849210957097,2.0,4.521661951722143
4.137827885254056,4.043805090613216,2.0,4.079757921187703
2.240244877441556,2.5270166390527407,2.0,3.9347766276613925
3.425913822754056,3.754279261903515,2.0,3.6182317580637156
4.268931400879056,4.263256286902483,2.0,3.4664209185186703
3.468150150879056,3.685009431585773,1.0,3.929250944962057
1.488169682129056,1.8954414907175736,2.0,2.8046150333030253
2.301646244629056,2.5298249343889814,2.0,2.976611864000293
2.454234135254056,2.707920653975364,2.0,3.0661532800963367
3.542002689941556,3.763879486638687,2.0,4.23549003608669
3.223765385254056,3.51648914555135,2.0,3.4038043471693618
2.708628666504056,2.913925176026796,1.0,3.0791637783076893
2.698863041504056,2.8215565852047613,2.0,3.2611543345076632
2.071299564941556,2.1999871283867294,2.0,2.985688411543042
1.932993900879056,2.127336605148491,2.0,3.016857947826898
2.110972416504056,2.173444402472429,2.0,2.9728121660874853
2.655161869629056,2.6409509047378994,2.0,2.9521029042830413
2.734019291504056,2.834143873227936,2.0,2.9016983963744276
2.342661869629056,2.56605823255762,2.0,2.6541162830676934
1.433238041504056,1.8259402080307956,2.0,2.626687460597038
1.478953373535306,1.8198196580966437,2.0,2.6726485193951715
2.113047611816556,2.2691682019739803,2.0,2.7178479124674233
5.705943119629056,5.300401429073943,1.0,4.225080957047955
5.097056400879056,4.682940584788539,3.0,5.029479828765999
5.889658939941556,5.568510343950075,3.0,6.828461149540141
5.984263432129056,5.270304158578464,3.0,6.019612510424226
5.858653080566556,5.424829631831292,3.0,5.489000732211834
5.421336186035306,5.17288131415342,3.0,6.358213889286712
3.696269047363431,3.546788709912334,2.0,3.246779706924976
2.863749516113431,2.90558608896953,1.0,2.748881033184813
3.014140141113431,3.128713035581109,2.0,3.580791764558326
2.645731937988431,2.7563455176153786,2.0,3.1524698452050663
1.182261479004056,1.9527074557747055,2.0,3.268631002420516
3.336436283691556,3.396457236813161,2.0,3.5061951242965668
2.485850346191556,2.594463372001273,6.0,3.29137131372313
1.688364994629056,2.105496909196025,2.0,3.145025571132029
2.556040775879056,2.9217198188165465,2.0,3.180777493438931
3.090952885254056,3.650111709756574,2.0,3.2804433687801655
1.947886479004056,2.3330668626669984,2.0,3.167656758953651
3.389597904785306,3.2575414831777865,2.0,3.1174597721636776
4.208018314941556,4.127140888606018,2.0,4.0794048966178105
3.327036869629056,3.415998025044885,2.0,3.5291553411283707
3.230479252441556,3.1888703495812205,2.0,3.7098264956022016
3.860972416504056,3.5118399250463868,2.0,3.899788186918385
3.830698979004056,3.482323618955286,2.0,3.3391806235154156
2.594859135254056,2.4280190272093933,2.0,2.186266046964801
2.590586674316556,2.3747339149881417,2.0,2.5045033183868566
4.179942143066556,3.76119725685644,2.0,2.8162882146606183
2.437632572754056,2.5847658435415246,2.0,2.7628753885495057
3.498911869629056,3.461526987912901,2.0,2.6935630558293475
3.194468510254056,3.308695980904703,2.0,2.793711363712853
2.652110111816556,2.73771239054045,1.0,2.7085180400309903
2.319712650879056,2.468995653966604,1.0,2.669145516833166
2.054698002441556,2.235127266454451,2.0,2.950137218596014
0.329844486816556,0.390737405520698,1.0,1.938670442499399
1.302256596191556,1.3124386182022223,1.0,2.0046967288625317
3.068003666504056,2.7399633770730745,2.0,2.4807890396430614
2.201060307129056,2.057367389445792,2.0,2.7316772288014874
1.090830814941556,1.0478913625064994,2.0,2.66473922802079
4.413096439941556,3.771206371725738,2.0,3.412202608139857
3.448435795410306,3.132374611013768,2.0,3.4964790969262083
4.454112064941556,4.348023247527594,2.0,3.2986144611201267
3.472422611816556,3.446450500300244,2.0,4.53383473105878
3.299448979004056,3.192104046551233,2.0,3.7045959548224348
4.080332768066556,3.9338342065915306,2.0,3.1582202025395856
3.617075932129056,3.5777491598108897,2.0,3.338562354100499
3.610484135254056,3.4755125159378686,2.0,3.7727023333689456
2.036265385254056,2.282015513516122,2.0,3.9320123687338446
3.808726322754056,3.645790664364879,2.0,3.158980618407938
4.675791752441556,4.570706309731645,2.0,4.0893888389178725
5.116709721191556,4.805891938859944,3.0,4.926894992254797
3.165049564941556,3.2617839173644536,2.0,3.1247702748760626
1.1044556507009573,1.6215482465285551,2.0,2.4419980591500914
1.7362915882009573,1.9356640434243364,2.0,2.641958049428169
2.0872437366384573,2.3083990867356894,2.0,2.8314134214103297
4.385142338379056,4.185195331347298,2.0,3.140385344190989
3.751170170410306,3.790610679354739,2.0,3.3471506865535723
3.762095463379056,3.7048898229579743,1.0,3.9083464105899086
2.507823002441556,2.5242174189238518,1.0,3.500601969043661
3.436411869629056,3.1117841733539,2.0,3.4619641463833837
1.426157963379056,1.7141547090527665,1.0,2.9770218790737046
3.398692143066556,3.3957057438843323,1.0,2.9276150305987767
3.668711674316556,3.385680950131232,1.0,2.89824387583129
3.124888432129056,3.1939998838953745,2.0,3.54433563957683
3.080454838379056,3.1718111462336767,1.0,2.8882230578497747
3.639781010254056,3.712750746389767,1.0,2.945505557802557
3.077281010254056,3.1700436819692337,2.0,3.5943659502034664
1.319590580566556,1.73813569571655,3.0,3.78541077185513
2.740611088379056,3.0438688602511097,3.0,3.6386792595235837
1.895030033691556,2.3059077550051508,3.0,3.5322295855920367
2.585948002441556,2.6922819414372263,2.0,3.4046974453541075
2.087351811035306,2.2573897082917687,2.0,2.7680153619464303
2.300486576660306,2.635333770187333,2.0,2.93900876099551
3.336558354004056,3.5837865611966446,3.0,3.834280683741425
3.652476322754056,3.4766463518758988,3.0,4.00287710892771
2.265269291504056,2.4008933666747945,3.0,3.9999430721976417
3.484995854004056,3.4329706328099587,3.0,3.6570090015843513
4.501475346191556,4.248526846293572,3.0,4.277095859687832
4.992686283691556,4.646380675555626,3.0,5.187370696210071
2.995005619629056,2.9790449951781737,2.0,2.3583815959869887
2.332896244629056,2.3635828977907427,2.0,2.9312476159014422
3.352427494629056,3.1484275449055508,2.0,2.812319461191249
3.024424564941556,2.885109048672387,2.0,2.6656006918189865
3.118418705566556,3.0463210698979086,2.0,3.052904775889828
1.166514408691556,1.456403790506251,2.0,2.569959412528417
0.925669682129056,1.2758995122239192,2.0,2.4509395911408927
2.210459721191556,2.4198925697359512,2.0,2.759181788937976
1.552622807129056,2.027777542174056,2.0,2.415659380881681
2.446665775879056,2.726796514937054,2.0,2.8680943600913276
5.587870609863431,5.281570377383306,2.0,4.137382789195245
4.721659672363431,4.475198718882528,2.0,3.7925856513197678
4.254984867675931,4.2188354661836485,6.0,3.6804030384742226
4.247782719238431,4.452211080403043,2.0,3.6616847474273997
3.167490971191556,2.9697878083990834,2.0,2.949182584220581
2.722788822754056,2.748723905959745,2.0,3.0866870633969805
4.229502689941556,3.774650764939,2.0,2.917688075321283
4.779185307129056,4.73037654231663,2.0,3.987890741662103
5.007456791504056,4.715191047887124,2.0,3.6159447809325904
4.512461674316556,3.944565032011688,1.0,3.4593031907389
4.508250248535306,3.901879415552294,2.0,3.228026181962454
4.325877201660306,3.842840657034848,2.0,3.18040521656602
3.511118900879056,3.8574815312295208,2.0,3.2083688189233905
3.364756596191556,3.27249036226907,2.0,2.6447437749148315
1.691782963379056,2.010740339451938,2.0,2.618657331006526
2.129282963379056,2.052037011022458,2.0,2.5553781206124406
3.804209721191556,3.5873750406032463,2.0,2.9761450376663694
2.256846439941556,2.2389136991674974,1.0,2.8712366165757444
3.273325932129056,3.012368169082575,6.0,2.8194446510110063
2.854990971191556,2.3556376200738067,1.0,2.8466549606198708
2.428355229004056,2.8426126865445136,2.0,2.93810028591823
2.319956791504056,2.7734673675527266,1.0,2.924207912941563
1.852183354004056,2.3245886974676626,2.0,3.0527518298679595
4.829691898925931,4.87531821873578,1.0,5.575778935321837
5.978251469238431,5.899570690942979,3.0,5.83384558488017
6.421122562988431,6.133160469680576,3.0,5.60049954053229
5.624949467285306,5.63704490876135,3.0,5.949279446305629
5.614726078613431,5.713530685396375,3.0,5.575901404291942
5.452128422363431,4.766655402197989,1.0,3.3304227467296426
4.605906498535306,4.0443506371986375,2.0,3.013179814211554
5.760233891113431,5.343836824974209,2.0,3.7473789267608617
4.626566898925931,4.620227558389075,2.0,4.201387198258577
5.019999516113431,4.501448934014817,2.0,4.09052208150827
4.874003422363431,4.659942054689571,2.0,3.1608489249724636
4.361826908691556,4.1749495341483245,2.0,3.1694894120219947
4.437693607910306,4.013478625032896,2.0,3.7126677533059724
4.972422611816556,4.676031692825855,2.0,3.7195182457086404
3.848399174316556,3.702104573165282,2.0,4.366123944159123
3.845591557129056,3.5459356047250674,2.0,3.880359703166588
4.067393314941556,3.9161896554558697,3.0,3.2342352302236255
3.609019291504056,3.523499785195517,2.0,3.3413217778894286
3.545603764160306,3.34002829213248,3.0,3.342045416132651
4.016001713379056,3.8908542635354113,3.0,4.030378026852157
3.732188236816556,3.561069697924986,3.0,4.394382645037883
3.065318119629056,2.984532870212505,3.0,3.435242055830088
3.183238041504056,3.307437506470787,3.0,3.197384410965654
2.546275150879056,2.7710161904981705,2.0,2.950296627264277
2.407847416504056,2.5746132452204726,2.0,2.9364074417288797
3.225779545410306,3.1394080162482423,2.0,2.8916458164662435
2.436656010254056,2.4271284895757903,2.0,2.817512870566812
2.340281498535306,2.65587827630978,2.0,2.8099132660599757
2.551280033691556,2.794101887343798,2.0,2.887980568067115
3.441599857910306,3.3116884428510205,1.0,4.0690845548599235
3.761118900879056,3.518178192285324,1.0,3.4809065520805755
3.890757572754056,3.706763833134602,2.0,3.3697868436863723
3.487437260254056,3.323234404368481,1.0,3.7612493605577533
5.496348393066556,4.95485437197325,2.0,4.7082243874417635
6.195170414550931,6.212927715800431,3.0,6.355240678701961
7.022440922363431,6.298747196571513,3.0,5.480654806138475
5.485209477050931,5.032681886720894,3.0,6.085349555807547
5.615214359863431,5.308253452694869,3.0,7.7021550213240335
6.745585453613431,6.35066532946221,3.0,8.376005455003977
5.881083500488431,5.941457366200339,3.0,7.051732371738883
3.202158939941556,3.025903937473334,2.0,2.887267970797255
2.989878666504056,2.685759616183692,1.0,3.011197497476365
1.614634525879056,1.9919371376476152,1.0,3.2184265993972025
-0.200673091308444,0.5710134391127002,1.0,2.986705604137416
1.887827885254056,2.376348126750617,1.0,3.200621885505617
3.802378666504056,3.589962760619449,2.0,3.035711592898332
3.401743900879056,3.4061525937150465,1.0,2.8388939305705665
4.414805424316556,4.247478591364837,2.0,3.249838476977414
5.101573002441556,4.701364953666744,2.0,4.798876745594775
4.328745854004056,4.035008692038966,3.0,4.488208012042025
4.684580814941556,4.307421315450545,3.0,4.0222614574246975
1.524790775879056,1.5622431625497883,2.0,2.4848040625534487
3.292002689941556,3.1766163674588928,2.0,2.6808587457124666
2.250376713379056,2.2273815667483503,2.0,2.6808587457124666
1.411509525879056,1.35794773450896,2.0,2.2419522983025346
3.084727299316556,3.2109148370274214,2.0,3.062121464612523
3.113169682129056,3.4651236089325006,2.0,3.118011457976677
2.139414799316556,2.3744782574532457,2.0,3.1970655459501645
2.201304447754056,2.31506333511592,1.0,2.798191774135719
3.892100346191556,3.774359038998721,1.0,2.997618198012211
2.083506596191556,2.0648870292891117,2.0,2.8347672097544994
4.404063236816556,4.651751901993666,3.0,6.232215349267167
4.573618900879056,4.67686215995141,3.0,6.818047035593712
4.171641361816556,4.118925725267507,3.0,6.060265272978523
4.628062260254056,4.836635748539541,3.0,4.80830829331859
6.219370854004056,5.867067258302711,3.0,6.014823009344328
5.997935307129056,5.809160334526238,3.0,6.541633411483365
1.832407963379056,1.77156241934139,2.0,2.4881460928177765
2.136118900879056,2.017713819239447,2.0,2.476296937331785
2.774180424316556,2.6355322321293047,2.0,2.683991329604001
3.029185307129056,2.618471618916605,2.0,2.4878248443510103
3.494639408691556,3.112470892501746,2.0,2.7286528189436097
1.739512455566556,1.8967927786640528,2.0,2.2026769702632705
1.241343510254056,1.3706057565758338,2.0,2.408240027820613
3.880991947754056,3.4692767871584267,2.0,3.090884298889569
4.439341557129056,3.81314596099463,2.0,3.06707549985923
3.850535404785306,3.448809161235361,2.0,2.8847442903467417
6.153452885254056,5.876261886726523,3.0,5.295734449098121
5.178843510254056,4.807031424486046,3.0,3.8240249037259018
5.972544682129056,5.4015732678067785,3.0,4.447249908606808
5.318797123535306,5.086080141212334,3.0,4.38126200758201
5.253550541504056,5.00666042003026,3.0,4.293921166979381
2.123057377441556,2.030453660682009,2.0,2.9469161852118804
3.040659916504056,2.9398509139454823,2.0,2.9868937118477157
2.980479252441556,2.805986643167569,2.0,3.3118538887554454
3.280406010254056,3.291167736969836,2.0,3.065924627635993
2.371348393066556,2.4415163204645327,2.0,3.0153026899439417
3.158183109863431,4.270756177647835,2.0,6.540757395766805
4.044901859863431,4.53710847156659,2.0,5.493098826237518
3.871562016113431,4.039665944566941,3.0,5.458839350076121
3.380351078613431,4.278671895730276,3.0,5.4824196519006465
5.611918461425931,5.305577075929651,3.0,6.73244764153984
1.938426029785306,2.040509571460979,2.0,2.769828363130723
2.596446049316556,2.8235325552690167,2.0,2.815540285707042
1.662974369629056,2.1954761981943958,2.0,2.964841580533116
1.391856205566556,1.756539920573557,2.0,2.721772152540437
2.215952885254056,2.287846383925811,2.0,2.7418448655194814
2.416392338379056,2.5362375792764684,2.0,2.8171668924865183
5.323130619629056,4.997448078302472,1.0,3.953725665715086
5.087046635254056,4.980902503923435,3.0,4.983484407530112
5.241465580566556,4.919134124080101,3.0,4.558834528101601
5.046336186035306,4.963825844857699,3.0,4.611149554087991
4.144236576660306,4.001732473061749,1.0,4.100382672219144
2.673716557129056,2.672831999559269,2.0,3.5708854711221028
2.455698979004056,2.515009925980636,2.0,3.9613457588493692
1.973277104004056,2.201659398471169,2.0,3.5169235962783754
2.186289799316556,2.488476265698812,2.0,3.2468897915867414
2.800303471191556,2.6237508955053883,2.0,2.967191579297036
3.688242924316556,3.2936029367232047,2.0,3.173595685240936
1.054575932129056,1.2735653303285437,2.0,2.2483373334812256
1.947154057129056,1.936279208390816,2.0,2.414715888346806
2.204600346191556,2.461472418283894,1.0,2.4925065929696726
1.427989018066556,1.8908087206895847,2.0,2.844072185958721
1.420298588379056,1.5477253563966609,1.0,2.5238478946380827
1.823618900879056,2.0899460001489265,1.0,3.1695621646975694
2.251597416504056,2.4704868036052425,1.0,2.944176453577001
1.816294682129056,2.21514993765676,2.0,3.0423621131727807
4.180430424316556,3.9932558113966095,2.0,3.099414431244398
4.008921635254056,3.790245759874068,2.0,3.325249098667951
3.099253666504056,3.264527209509807,2.0,3.0219113974710115
1.873179447754056,2.1210803877662565,3.0,3.02994935664209
2.716502201660306,2.6480169198271635,1.0,2.038397070387398
2.148325932129056,2.1127335452873828,2.0,2.404858604979985
1.663035404785306,1.6517685194203502,2.0,2.0273377881533525
1.963389408691556,1.94008698298172,1.0,2.0886225871342567
3.095835697754056,3.025254742727686,3.0,4.011032656316475
4.033457768066556,3.621326239024096,1.0,2.9095806120018843
2.577036869629056,2.477797847049938,2.0,2.4258283760480026
2.750132572754056,2.37152614757325,2.0,2.5808105253409335
2.852671635254056,2.980680299817209,2.0,2.924062688293875
3.184824955566556,3.1358286997772966,2.0,2.7031490339934248
3.906870854004056,3.5730557031705743,2.0,2.512381165761363
4.595713627441556,4.221632789707192,2.0,2.8600041328866674
5.232554447754056,4.760370417024266,2.0,2.889064391235979
4.357798588379056,4.085824256500619,2.0,3.1464287530738204
4.852915775879056,4.582766280888935,2.0,4.375757157649604
5.294932377441556,5.03307738103364,2.0,3.678443636951382
6.085703861816556,5.424444915642235,3.0,6.0820051909059325
4.765269291504056,4.374206279905236,3.0,4.3282861629197615
4.305430424316556,4.320950343706428,3.0,3.4914419195178743
2.676646244629056,2.85747611728392,2.0,2.31429382334888
2.140391361816556,2.320356207438779,2.0,2.6613734658733783
2.920542729004056,2.972631059709885,2.0,2.696887103536541
2.014292729004056,2.5109094275732966,1.0,2.3462454782870976
3.381358158691556,3.663115659174972,2.0,3.0560976479944304
3.311961186035306,3.523382611025497,2.0,3.6297220239308707
2.462107670410306,2.757314918310519,2.0,3.1466285723629026
2.457163822754056,2.731117273982447,2.0,3.0791068566604167
2.123667729004056,2.29358589159184,2.0,3.344123042652277
3.070323002441556,3.0492360843623807,2.0,3.0379483137054772
3.814311039550931,4.074209474033161,2.0,3.769433089648488
4.836649906738431,4.917313064610708,2.0,3.4306900147849873
4.679301273925931,4.554038268282068,2.0,3.4261191319201396
4.237040531738431,4.172681887710155,2.0,3.675996177942446
4.227641117675931,4.0669955846307975,2.0,3.4581830985095934
0.823985111816556,1.0906486615826516,1.0,1.9631932633694902
4.374888432129056,3.9396159388911434,2.0,3.552312410978155
2.752329838379056,2.800207366779661,1.0,3.226809283082255
4.292002689941556,4.042006124304203,2.0,2.8841554164593157
4.818614018066556,4.460825697727275,2.0,3.2243186326633055
6.450816166504056,5.482390359056533,2.0,5.128426397714809
4.223155033691556,3.937567328782532,2.0,3.382685149018959
3.962901127441556,4.045146446690356,2.0,3.5123331146739063
3.157359135254056,3.1062785743858723,2.0,2.954755175889866
3.289439213379056,3.194974346553018,2.0,2.9518982763043646
3.200572025879056,3.072478784329552,2.0,2.8322032662665526
3.186533939941556,3.115645929283085,3.0,4.988057112911398
3.141489994629056,3.1235239120355427,1.0,4.739544797792722
4.557993900879056,4.26468595450371,3.0,5.301087079081142
4.919810307129056,4.285329267360052,3.0,5.590442035930605
4.639658939941556,4.278590409234246,3.0,5.456651538421612
2.764353764160306,2.940924966636904,2.0,3.010048820862441
3.281748783691556,3.5432057270070887,2.0,2.9660220560296584
3.468516361816556,3.5581444605219006,2.0,3.4071510769845625
4.644907963379056,4.39332494781859,2.0,3.852108955115239
2.110972416504056,2.4116543121285767,1.0,3.295560824388217
3.554087650879056,3.672717395847228,2.0,3.172432233562303
4.066294682129056,3.920558774135432,2.0,2.9385721633126867
2.957774174316556,2.769718428813121,1.0,2.7913377192794546
4.412852299316556,4.164189379565351,2.0,3.5935989218782898
2.438853275879056,2.5172034485594943,2.0,2.6956709013943034
2.782847416504056,3.080402249952705,1.0,2.8160175479106444
3.655406010254056,3.541452075898385,2.0,3.0593591157772266
2.264781010254056,1.979675147438427,2.0,2.0812547773952574
3.288218510254056,3.15800626209777,2.0,2.8473546989118352
2.648570072754056,2.4732575479719,2.0,2.8174671931060438
4.539561283691556,4.273257699289633,2.0,3.428523332542081
3.859629643066556,3.6633605618952014,2.0,2.911887751675721
5.089732182129056,4.592928780238092,2.0,3.6169528914311893
3.809947025879056,3.572344673019633,2.0,3.0311466012283574
4.022105229004056,3.953243777962384,2.0,3.2025349827580207
3.500987064941556,3.4663423123581887,2.0,3.0454589587781533
1.466563236816556,1.392030994353623,2.0,2.689061906275516
0.737925541504056,0.9284475270091712,1.0,2.546031097001645
0.961802494629056,1.1321508746126314,2.0,2.9238142563366334
1.088999760254056,1.1499325181811857,2.0,2.642263611311246
1.932261479004056,1.742574515867612,1.0,3.0827449487196836
2.766367924316556,2.6827279224138705,2.0,3.563568174905467
5.682261479004056,5.373081590099189,3.0,4.27253417357799
4.868784916504056,4.676015936391977,3.0,4.298616651424662
3.725962650879056,3.8772570626110174,3.0,4.1771688601577255
4.167246830566556,4.38139034204704,3.0,4.209327204314707
4.036570561035306,4.161124255281156,3.0,4.056377644052574
3.122813236816556,3.087404562242016,2.0,3.3741924363979985
3.223155033691556,2.9242938035161887,2.0,3.3361537149383533
4.589243900879056,4.024252173383239,2.0,3.533415137139763
3.324961674316556,3.039853221844657,2.0,3.3900563424671795
3.402842533691556,3.4778184815539146,2.0,3.094597879022408
1.691660893066556,1.9708451142474637,2.0,2.780632220629291
2.101817143066556,2.2857925375639887,2.0,2.8240995570877576
2.231822025879056,2.5491376824987,2.0,3.023587873344483
2.746714604004056,2.972848840691381,2.0,3.035050328968421
2.148814213379056,2.3511946197910985,2.0,3.0764563845400503
3.925547611816556,3.798890187861126,2.0,3.0609402652954367
3.452403080566556,3.427647532143406,2.0,3.174705194141157
2.729380619629056,2.9184704216041544,3.0,3.849835299411268
2.792613041504056,3.2589039693826534,3.0,3.36764003639709
3.874156010254056,3.9103133893923423,3.0,3.3228109263573833
3.154185307129056,3.052392916947951,3.0,3.9816029257224015
4.484263432129056,4.352558073203809,2.0,3.3767172981195444
4.330332768066556,3.880965333661524,2.0,2.8198180379224773
3.967173588379056,3.706199044157656,2.0,2.90187204689488
3.444590580566556,2.892430024348668,2.0,2.4547594281296723
3.552378666504056,3.2899417407242098,2.0,2.7709411995767104
5.099619877441556,4.403170153046438,2.0,3.036717494291508
2.802012455566556,2.397478278712144,2.0,2.350184043478154
1.121226322754056,1.593495019335004,2.0,2.504158818917498
2.470957768066556,2.322481081054777,2.0,2.482531415123589
2.185923588379056,2.3651242444840053,2.0,2.1230684401717532
1.800059330566556,1.9563249517201016,1.0,1.9955349725968365
0.920054447754056,1.373568921771691,1.0,1.9163000606537433
3.763804447754056,3.8565114773995233,2.0,2.9709543084945937
4.263194096191556,4.039198310241877,2.0,3.0305104435537715
4.474741947754056,4.159454602914922,2.0,3.252674664238575
2.485117924316556,2.539466507274477,2.0,2.899340374770241
3.391856205566556,3.374206215524757,2.0,3.235674512780424
3.634287846191556,3.438883906230892,2.0,3.1095405073922002
2.753916752441556,2.661033691922733,2.0,2.9917634693138537
3.207163822754056,3.222935243585714,2.0,3.0514523635111552
4.775523197754056,4.730223149257294,3.0,4.11663988680732
2.819468510254056,2.9934791046100546,1.0,3.7670994622537197
3.408457768066556,3.661973600736313,3.0,4.021575847942619
3.357554447754056,3.516259703783734,3.0,3.6247024055601957
3.180430424316556,3.3885190891223926,3.0,3.6883893541186463
2.702097904785306,3.0321135210383234,3.0,3.6487496147313614
3.987742436035306,4.130781600701028,3.0,3.981575664498582
3.295390141113431,3.679802323519061,3.0,3.612490895391729
4.885966312988431,4.8114219831734175,3.0,4.320679193729115
4.630106937988431,4.315439794769554,3.0,4.124594676376735
4.159647953613431,4.081900336064805,3.0,4.497670807371405
3.120615971191556,3.1594884568986763,1.0,2.8902765701537527
1.962656986816556,2.284397736231436,2.0,2.9423323894836364
2.252879154785306,2.628680342155658,2.0,3.293512651419932
3.213877689941556,3.4634365471075053,2.0,3.435539355657837
2.834361088379056,3.1769265518991845,2.0,3.589320937052176
1.915781986816556,2.3514179816618435,2.0,3.206836009325463
2.646128666504056,2.790673970815688,2.0,3.6608577696496485
3.266489994629056,3.3790676144634246,2.0,3.0339978269731023
1.358988773925931,1.7637714191803535,6.0,3.6997477185469627
2.189311039550931,2.545520269128687,3.0,3.5440728805731374
2.353373539550931,2.4024511498543903,3.0,3.743014516690274
2.432993900879056,2.3020198973712263,2.0,2.8241391499907156
2.295786869629056,2.303971391572692,2.0,2.624865000456332
3.314585697754056,3.0169308360001263,2.0,3.079136428827271
4.082896244629056,3.6589499968032535,2.0,3.0165740906921235
3.174204838379056,3.0644340713230918,2.0,2.9401716124888013
2.799815189941556,3.100852952521012,2.0,3.115603839041872
2.620982182129056,2.992909115444499,2.0,3.161189817392568
2.489024174316556,2.6329088919042567,2.0,3.4148845556637686
2.415659916504056,2.5422961584657133,2.0,3.161683563773074
3.838877689941556,3.8047004561318927,2.0,3.3455148776571586
2.262949955566556,2.2998660263248856,2.0,3.15631119519117
6.322764408691556,5.842229117139571,3.0,4.378797683672963
5.849253666504056,5.533240849752099,3.0,6.749919751078483
6.234507572754056,5.619842438172653,3.0,5.239033230909962
5.255808842285306,5.037277713603688,3.0,5.751719623509267
5.893260014160306,5.557794835585071,3.0,4.9836505378271765
4.840952885254056,4.61596039941042,3.0,5.119438251672957
1.535899174316556,1.7705606982579316,2.0,2.9518243298827582
2.9134156116384573,2.871976661167635,2.0,2.9076383030632975
2.9483277210134573,2.968367693104218,2.0,3.0318540583564286
2.4915406116384573,2.372135569780644,2.0,3.004303267767872
2.104258549316556,2.1052787495094467,2.0,3.4869637636072484
2.636851322754056,2.660601965118823,2.0,2.9368184171306106
2.155711186035306,2.1620152736354648,2.0,2.7599196176106964
2.686778080566556,2.7731303458343457,2.0,2.8845172961764067
2.778208744629056,2.9091068985596857,2.0,3.0479136452322826
2.913767826660306,2.914703597972192,2.0,4.075150944286738
2.099131596191556,1.9750848193510973,2.0,2.666699982917367
3.331675541504056,3.389910048115417,2.0,2.940241642313828
4.388377201660306,4.09894212643318,3.0,4.1107348352678645
4.292613041504056,3.936949826834609,3.0,4.347077089185318
5.108775150879056,4.818953561066516,3.0,4.399019181840205
4.601511967285306,4.286434082865572,3.0,4.535803508159676
3.143443119629056,2.9384074576131467,1.0,3.5888637842321343
4.969737064941556,4.443145934728193,1.0,4.583736363139908
1.008677494629056,1.5055534880774184,2.0,2.0732799749552373
0.651743900879056,1.3128538478891931,2.0,2.580580223928323
1.096568119629056,1.5649819186010774,2.0,2.5281105225920366
1.156016361816556,1.5747938120968934,2.0,2.6232179920632817
1.544566166504056,1.8916808576608424,2.0,2.822121427634029
1.903941166504056,2.243856656273818,2.0,2.7231707842565593
2.615122807129056,2.677316137322773,2.0,3.091054773224042
3.853404057129056,3.723369843087808,2.0,3.1643020382229707
2.755137455566556,2.701770515263286,2.0,3.0520987323954683
0.1547956586915559,0.5736745533831287,1.0,1.8934305313384865
2.750864994629056,2.513260094694231,2.0,2.2644724920553796
1.914927494629056,1.9055865532840084,2.0,2.6476917406258345
1.113780033691556,1.455139308346237,2.0,2.474995044212537
3.187266361816556,3.10878392878161,2.0,3.1447446492551614
7.393198979004056,6.782742963705271,3.0,5.065769560977828
7.109019291504056,6.242119683838155,3.0,5.426426694809006
5.890086186035306,5.621073576982489,3.0,6.191260056294247
8.161326420410306,7.070325930838841,3.0,7.238136131307256
7.118540775879056,6.298110266797578,3.0,5.960908406825432
2.683115971191556,2.717626371993594,2.0,2.6109689309542947
2.468882572754056,2.531513041713492,2.0,2.8642902184369152
2.975779545410306,2.893452844728113,2.0,2.8574620451367716
2.013133061035306,2.123012274594898,2.0,2.7596229436343584
2.651743900879056,2.671505529188883,2.0,2.8659781151172137
3.534312260254056,3.5471996830874164,2.0,3.129334902628694
3.791636479004056,3.683172363529557,2.0,3.193801441034599
4.510996830566556,4.222215290734408,2.0,3.197353223987676
5.292490971191556,4.659087868709868,2.0,4.422185159511635
3.042857182129056,3.047028419966281,2.0,3.472230113984586
3.306162846191556,3.4010481001253985,2.0,3.4841737982905596
4.363780033691556,4.40668306779434,2.0,3.7506548694837143
3.905894291504056,3.684225096453202,2.0,2.7504584951053603
4.524546635254056,4.195634884788401,2.0,3.3088592677643454
2.851206791504056,2.964230984900174,2.0,3.87725905326055
2.708628666504056,2.7194902866418365,2.0,2.860567149656151
2.942881596191556,3.456337098867796,2.0,3.2318952155667233
2.833628666504056,2.7235333016375374,2.0,2.333955510087935
4.673838627441556,4.165166923079186,2.0,3.1077191555166457
2.839243900879056,2.705002328852042,2.0,3.422163490037172
3.443980229004056,3.222588518471873,2.0,2.7411184178375927
3.312876713379056,3.099708873097663,2.0,3.0737226925129115
3.010630619629056,3.267080265531052,2.0,3.158451421620014
2.838755619629056,2.8877649283238367,2.0,2.9853472653368778
2.670298588379056,2.517293146426218,2.0,3.147074623982356
2.592661869629056,2.581975318409353,2.0,3.2048016709448386
3.106211674316556,3.1702078354112784,2.0,2.9321866866864124
2.142954838379056,2.65171392512958,2.0,3.306629514093413
1.655772221191556,1.8913135181217464,2.0,2.8938899476395457
2.253062260254056,2.411274875618393,2.0,2.9251420891885447
1.305674564941556,1.6447665158821767,2.0,2.8193635087618354
4.016459477050931,4.005916179044457,3.0,3.281920286857697
3.536814701660306,3.6083192433968265,3.0,3.691295916129279
4.347392094238431,4.372849972083277,3.0,3.8189670795569475
5.094950687988431,5.241171068868837,3.0,6.688618039976702
1.054575932129056,1.28994342736019,1.0,2.483060919873154
3.518809330566556,3.410435061054632,2.0,3.0966134015564486
3.242320072754056,3.0997590382009,2.0,3.04694882549312
2.854441654785306,2.681795450520225,2.0,2.901688053988288
3.072031986816556,3.081031065589252,2.0,2.9559612292085555
3.362193119629056,3.4010349369473496,2.0,3.4208274266471372
3.039744389160306,2.9441119800641053,2.0,2.9678216816312304
1.107432377441556,1.7227743796105948,2.0,2.6959642103229933
1.270884525879056,1.928919996046856,2.0,2.7808711108359465
2.322154057129056,2.470403931671112,2.0,2.862570315581772
2.181895268066556,2.534217062836425,2.0,2.6447843147597565
2.850840580566556,3.0903606135230985,3.0,3.5644989033526793
2.075083744629056,2.460797381364067,1.0,3.4744334738636105
2.768198979004056,2.9979266015934622,3.0,3.415182943355351
3.485728275879056,3.4678300233790686,1.0,3.4365609341502057
4.633921635254056,4.505749731958945,3.0,4.696875718314132
5.232798588379056,5.353082133589913,2.0,4.102041671857187
3.819712650879056,4.204306467806218,2.0,3.7150099040512545
4.434092533691556,4.67854415883006,2.0,3.9368500158688344
4.811656010254056,4.862643087334787,2.0,4.046062340088334
4.831492436035306,4.893026698344595,2.0,4.470591068170704
1.773325932129056,1.9764196036194144,1.0,1.9939949203883858
2.980601322754056,3.0016755597410887,2.0,2.4723095644383144
1.901743900879056,1.9218923646517416,1.0,1.9511714257419361
1.895701420410306,1.8985303663732045,1.0,1.97341148371086
1.786997807129056,1.7481037969162792,2.0,2.0576509831131835
1.511668217285306,1.5641432094932266,2.0,2.05098343459429
1.536265385254056,1.6534821598005864,2.0,2.020894381372377
2.077647221191556,2.459342052439496,2.0,2.8731117138399265
1.946421635254056,2.206233803463967,2.0,2.807866182559864
3.108775150879056,2.949872267127464,2.0,2.704133877943021
2.822764408691556,2.6359847485474552,2.0,2.651177712949391
1.793589604004056,1.711878508140212,2.0,2.31675351639605
2.443003666504056,2.2358151244014155,2.0,2.5820967038033964
1.191538822754056,1.6834562583100814,2.0,2.9961821135755446
1.562388432129056,1.926068259592433,2.0,2.5718366195251385
1.999644291504056,2.1868964482843065,2.0,2.725627790505595
2.517832768066556,2.8648348432642274,2.0,4.016589698581152
1.005015385254056,1.4165191731639788,1.0,2.098167839026603
1.509654057129056,1.9182468975653697,2.0,2.5274552946657316
2.110728275879056,2.3131049035688367,2.0,2.7140494973905733
3.573130619629056,3.3459836989659784,1.0,2.5384440773906327
3.148539555175931,3.0859454547251914,2.0,3.115153310925543
3.064433109863431,2.987181940744977,1.0,3.241400422712998
4.666972172363431,4.25679010905866,2.0,2.938378592220222
3.190653812988431,3.3294938984204028,2.0,3.310390325213849
3.945658695800931,3.76719208062054,2.0,3.082090130862732
3.195567143066556,2.934771051317945,2.0,2.6453402441112313
4.070323002441556,3.7143028639851474,2.0,2.7942377423544635
2.755747807129056,2.851465487954269,2.0,2.9849863432886887
2.050242436035306,2.3146942591491166,2.0,2.921542726996632
3.372569096191556,3.215841029034652,2.0,3.406294087382503
3.215952885254056,3.406753409398505,2.0,4.2600085760098345
3.415476811035306,3.414966442361657,2.0,3.8949229611071
4.429698002441556,4.123077560539574,2.0,3.366603492462708
3.788096439941556,3.5231580873290707,2.0,3.320523089604875
4.929087650879056,4.461765470769895,2.0,3.9517562701308044
3.169322025879056,3.0901110368085623,2.0,3.3400626003261844
4.461070072754056,4.416307579525834,2.0,3.740125535918497
4.407908451660306,4.101639483083846,2.0,3.7847811645716325
4.515269291504056,4.3540391986044025,2.0,3.9974943585009646
5.971812260254056,5.375081597216071,3.0,5.432416712577596
5.246531498535306,4.74350856532392,3.0,5.325293887140491
4.963755619629056,4.735256168914917,3.0,3.7794304120842503
4.641367924316556,4.213725482684758,3.0,4.541480689989766
2.407847416504056,2.2255682355514645,2.0,2.9545025656481405
2.176524174316556,1.824621480676455,1.0,2.711764958813751
4.365855229004056,4.362556936329524,3.0,3.5233865263769055
4.295603764160306,4.154343944775896,3.0,4.210692874179795
4.903208744629056,4.700198612770862,3.0,4.280680997391893
3.917246830566556,3.831425482243632,3.0,5.290018724349408
4.494761479004056,4.1715575505773845,3.0,4.571345917546269
4.513316166504056,4.405285483484146,3.0,3.696401577150963
2.003550541504056,1.7763546072443872,2.0,2.1859674917637073
0.0567731977540559,0.2554044455125877,1.0,1.9232716438133022
1.974741947754056,1.897122787045316,2.0,2.15120818510822
0.940318119629056,0.9945062647155658,2.0,2.16718905236919
1.795664799316556,1.7155347638071268,2.0,2.356487236411412
2.427134525879056,2.466900242219761,2.0,2.817818333665175
2.378306400879056,2.372326256097584,2.0,2.822841477424922
3.820689213379056,3.695790142277619,2.0,3.8745120225418037
3.348765385254056,3.269424250492699,2.0,2.9939967384060857
2.937022221191556,2.915024930302927,2.0,3.0182024515870345
2.581675541504056,2.67712199730344,2.0,3.007348984070615
4.807078373535306,4.741909200673752,3.0,5.415120012386261
5.309062016113431,5.302889389713703,3.0,4.637782612950041
5.308329594238431,5.232603758268684,3.0,4.77310961442466
6.141093266113431,5.694446358362841,3.0,5.642341632472157
8.113139164550931,7.120562597756554,3.0,5.21491721276954
1.485301029785306,1.8344677486351728,1.0,2.425748137400646
2.789805424316556,2.994296205093928,2.0,3.618665481649812
3.399790775879056,3.743502277828513,3.0,3.7730451467478026
2.995066654785306,3.1931386955894934,3.0,3.6899859189226696
3.116099369629056,3.4076202216766136,3.0,3.4655519884249966
1.463267338379056,1.5989737140911355,2.0,2.8837236233444212
1.231577885254056,1.4047114642179983,2.0,3.3573394889832664
1.214732182129056,1.5042131607846851,2.0,3.121328074549382
1.369029057129056,1.4741450200359971,2.0,3.0123595742503575
2.014414799316556,1.975717146041468,2.0,2.9765054154069297
2.382578861816556,2.378863952670513,2.0,3.120118889097549
0.760752689941556,1.2269806978054794,1.0,2.67551048454661
1.400279057129056,1.7312780450622551,2.0,2.740641292062186
1.791514408691556,1.8321208008076009,1.0,2.6959913578809656
2.067759525879056,2.3597172571585125,2.0,3.0900716426034385
3.188609135254056,3.420730282602663,2.0,3.916371019694579
2.480723393066556,2.721400201963193,2.0,2.772072356654348
1.723521244629056,2.013556797301314,2.0,2.3378560298114257
2.245066654785306,2.3162740492182188,2.0,2.7089040858226245
2.441294682129056,2.702272670812312,2.0,2.7089415619491555
3.341807377441556,3.204488406321005,2.0,2.608308363764627
2.227305424316556,2.4679177719312646,1.0,1.9785000867676026
3.046275150879056,3.0356552346875976,2.0,3.04556176926551
5.074839604004056,4.525080575026728,2.0,3.3832779625946974
3.809702885254056,3.639083720707613,2.0,3.5827571669244045
2.523936283691556,2.686485718895206,2.0,2.9791656381003224
3.063242924316556,3.3394591955098702,2.0,3.092654418996352
3.873545658691556,3.82951860817391,2.0,3.1006167794861517
2.954478275879056,2.899936995125183,2.0,3.2513363457217017
2.319346439941556,2.660443585852113,1.0,2.5564321985016756
0.269541752441556,1.096835203496032,1.0,2.258656061777435
3.710825932129056,3.170017433884298,2.0,2.8129850055000536
2.406870854004056,2.201921913151725,2.0,2.3850932606375204
3.364939701660306,2.932257853725297,2.0,2.695898931238509
2.428111088379056,2.1805938962918505,2.0,2.67313013151966
2.381297123535306,2.274914015149977,2.0,2.7054835370734294
2.713389408691556,2.505464489916335,2.0,2.7488481383890027
3.454478275879056,3.5259465990080074,2.0,3.020321704930857
2.797617924316556,2.8478426394939,2.0,3.1540639985867975
3.921763432129056,3.884258479707888,2.0,3.397267190342731
3.597544682129056,3.550101884739009,2.0,3.169282643179713
1.171153080566556,1.6183222739960923,2.0,2.3761865284553174
2.317881596191556,2.4500895894226886,2.0,2.842941092646506
2.911143314941556,3.086007029119737,2.0,3.0524548543643637
1.999644291504056,2.5110138276470937,2.0,2.9050328154004017
2.293833744629056,2.6782325685575703,2.0,2.91589596997645
3.227427494629056,3.3877481979844264,2.0,3.036063980301518
2.568614018066556,2.736441709740128,2.0,3.0026322598388573
3.540293705566556,3.673329665763329,1.0,3.834490783553567
3.754282963379056,3.661049883063299,3.0,5.516918537159722
3.792857182129056,3.724506385053811,1.0,5.397056171614929
2.602915775879056,2.8100920999770453,3.0,5.576056367171948
4.048594486816556,3.808987183596815,3.0,5.3682321046998975
4.546397221191556,4.193278818777693,2.0,3.2249012376271518
2.156626713379056,2.136590325046582,2.0,2.540739280015007
2.700083744629056,2.443469357171502,2.0,2.726576891416999
3.165659916504056,2.917683324141055,2.0,3.0638776483121766
3.079722416504056,2.958068494614688,2.0,2.998891266175394
2.846690189941556,3.150740160370083,2.0,2.9260338575704474
1.928111088379056,2.3546538170147,2.0,2.8637638712016082
2.888865482910306,2.9915942593525577,2.0,2.9024015118262954
1.951304447754056,2.14018387065665,2.0,3.002134085625344
2.153819096191556,2.3788051968104607,2.0,2.810321175644284
3.454722416504056,2.995773247258677,2.0,3.0950256476234763
3.278513920410306,2.8601842915118407,2.0,2.6915138921490716
3.742320072754056,3.385346356996896,2.0,2.8896654834973226
2.009776127441556,2.2314607222448,2.0,2.8847943842542167
2.350230229004056,2.4163887295372364,2.0,2.6982691576165
2.729868900879056,2.878546371961808,2.0,2.896589042554909
3.313853275879056,3.0500917098720013,2.0,3.414450175946512
2.318858158691556,2.637986842510428,1.0,2.9947737519673288
1.552134525879056,1.991161873233385,2.0,3.013808961874911
2.794444096191556,2.6796503325671583,2.0,3.0522372981485093
7.191630375488431,7.1216228711033125,3.0,8.70563180755619
6.235819828613431,6.2380762279555295,3.0,6.870321029258424
5.682719242675931,5.456110027308083,1.0,6.737655600177393
6.613505375488431,6.035232813579443,3.0,7.599742538028768
6.385935795410306,5.732508562443783,1.0,7.885368420711684
3.516978275879056,3.1731306776750685,2.0,3.251050767076354
3.452281010254056,3.1227193963495723,2.0,3.2531283527210464
3.029429447754056,2.6450743117749327,2.0,3.203515416272562
2.872447025879056,2.721072787387361,2.0,3.2965151794352727
2.552866947754056,2.9276534940707646,2.0,2.8347404618999725
1.686717045410306,2.245912460469073,2.0,2.8238360049441957
0.970469486816556,1.2271951252051077,1.0,2.9133622067385057
2.065928471191556,2.1459310340059345,2.0,3.1712486805520217
3.380991947754056,3.3359766931934285,2.0,3.0566144321688156
1.984629643066556,2.1716580540630592,2.0,3.1973346241298826
3.761363041504056,3.458808916426284,2.0,3.0564295254799947
2.392222416504056,2.663002016808777,2.0,2.9607954718905
1.556406986816556,1.685983712973825,2.0,3.3293486807111283
2.870310795410306,3.0440189082690328,2.0,3.252732944158469
3.213267338379056,3.3648718676781013,2.0,3.439912321521144
3.669810307129056,3.710813758614029,2.0,4.06670623747873
5.122324955566556,4.754737900346468,3.0,3.7462616844826404
3.999156010254056,3.968136951331039,1.0,3.0029261697257357
3.538462650879056,3.547094111845766,2.0,2.8314583740527755
3.780283939941556,4.226279985641526,2.0,4.3932362383267565
2.961558354004056,3.100798544980184,1.0,3.8928103681428716
3.718272221191556,3.869970743879024,2.0,3.579758768399614
2.209910404785306,2.7625496687550397,1.0,3.2850958340715577
2.348032963379056,2.4316740199501488,2.0,2.6457529655241596
1.451426518066556,1.6485367446972172,2.0,2.6903721827953095
2.885142338379056,2.8729011417366097,2.0,2.7978808462806826
3.439951908691556,3.279962985239957,2.0,2.642762957758274
3.504405033691556,3.1796414792662024,2.0,2.5717732468171497
2.068980229004056,2.0166619341146084,2.0,2.136222449487761
2.574473393066556,2.6691743522781044,2.0,2.686121318828686
5.344492924316556,5.045094422026481,2.0,3.0233449822730862
4.533823979004056,4.321968176078736,2.0,2.8405870930508557
4.321726811035306,4.181206934928139,2.0,3.226193082667481
2.673533451660306,3.054310588465719,2.0,3.391737471910065
3.864268314941556,3.823272915473592,2.0,3.507086801270728
3.222300541504056,3.454296747515984,2.0,2.9998893298141147
3.032969486816556,2.9811385666654715,2.0,2.9337218133497007
3.849986088379056,3.489400294133292,2.0,3.128838193034333
3.579112064941556,3.699563327557948,2.0,3.1597346811638647
2.336924564941556,2.300962794996606,2.0,2.8153771007808186
3.333628666504056,3.0744184287434777,2.0,2.9599335658709376
2.774668705566556,2.6325636018100327,2.0,2.9136874830770703
2.022349369629056,2.052231020691113,2.0,2.879508671065774
2.366953861816556,2.452029139163764,2.0,2.991010108453663
2.018076908691556,1.6738736871261963,1.0,1.9235011190955287
2.839976322754056,2.474887622011844,2.0,2.165063157357238
1.338999760254056,1.2635055724775357,2.0,2.255693150094917
3.025889408691556,3.2407545503731408,2.0,2.762692098980293
2.589610111816556,2.819718903488321,2.0,2.6445069044994787
3.889781010254056,3.889277071406137,2.0,3.059921771467343
2.037974369629056,2.4537706837006708,2.0,2.724168044127364
3.356089604004056,3.5432612199450637,2.0,2.8905110216992718
2.815684330566556,3.075929829778293,2.0,2.837814765912068
2.943095219238431,3.09291642630052,1.0,3.0678216100156726
3.535502445800931,3.6700384332495295,3.0,3.4384363844167223
1.815623295410306,2.589923664676547,1.0,3.522697881289495
1.054575932129056,1.4553528379655396,2.0,2.4720322044354597
1.526865971191556,1.7141706457826698,2.0,2.430948913264946
3.292124760254056,3.0989916425406125,2.0,2.714983649648348
2.268198979004056,2.524123539387129,2.0,2.835369725273254
3.891245854004056,3.521161175725528,1.0,2.7119822054537246
2.102671635254056,2.3209424823380447,2.0,2.778199755880484
2.568491947754056,2.786339373762474,1.0,2.9487901288570617
4.235239994629056,3.5971872597467103,2.0,2.4922516885286488
4.467539799316556,3.9371485982161,2.0,3.18005895626188
4.761424076660306,4.097207949452348,2.0,3.719501910548051
3.526621830566556,3.223512236323864,2.0,3.0642331267683183
3.903452885254056,3.346904137074658,1.0,2.8805741724000264
4.072031986816556,3.7000655852146846,2.0,2.9185714053967695
3.788828861816556,3.5713157968127245,2.0,3.1206725589346256
3.905650150879056,3.7199214797141833,2.0,3.079354031259488
4.577616703613431,4.482340652903986,2.0,4.738448379684098
3.252421391113431,3.2369210195866627,2.0,3.0545389559174687
3.659281742675931,3.530980103279402,1.0,2.997708091331656
4.760508549316556,4.555410356871282,1.0,2.9820282613690448
5.074351322754056,4.798234988910716,2.0,5.007807600652102
5.590708744629056,4.82662752802371,2.0,4.095719404024321
4.970164311035306,4.682342196261018,2.0,5.419752464478477
5.141306889160306,4.801233702319188,2.0,5.5190225703821465
4.991099369629056,4.792466682277981,3.0,6.012776849032409
2.982646000488431,3.239981147355825,3.0,3.3369024229077215
5.156474125488431,4.89864050662786,3.0,3.8974067816153104
5.245097172363431,5.12884410313575,3.0,4.114172598362996
3.628520023925931,3.783429915503665,3.0,3.842935314552051
4.291605961425931,4.603330312568748,3.0,3.331162214264001
5.292582523925931,5.180792218228014,3.0,3.820273721069437
3.583964359863431,3.515553514179472,3.0,5.368972357002373
2.312510502441556,2.5742130407883663,2.0,3.0358234851943924
2.846568119629056,2.961790407216427,2.0,3.018385635135629
3.083506596191556,3.1751042008086974,2.0,3.032083650945491
1.844859135254056,1.8943354175863625,1.0,2.858943822309513
2.368174564941556,2.234826653729832,1.0,2.8599582754253317
2.711924564941556,2.493774500895442,1.0,3.4145907278981142
3.642466557129056,3.4274376147884658,3.0,3.42501350569463
4.687388432129056,4.326005545309787,3.0,3.4089345604284063
2.717417729004056,2.80086841467864,3.0,3.495351165045396
3.841074955566556,3.7591845888583935,3.0,3.8743002217606954
2.305430424316556,2.511108532854933,2.0,3.363366615100069
1.706492436035306,1.800972884015654,2.0,2.859110064302698
1.796519291504056,2.0347571084054143,1.0,3.6205346921255943
3.316050541504056,3.5587672315703656,2.0,4.547871151829608
3.23124092902127,3.362433224790224,2.0,4.318225137390884
0.3920533069509573,1.1243800097946195,1.0,2.576932867015254
0.888072025879056,1.4300655238752449,2.0,2.9286353280146904
1.540659916504056,1.7431594910304358,2.0,2.783165217318024
1.501109135254056,2.1865873633010104,2.0,2.8546081424519074
1.964610111816556,2.1405121057593326,1.0,2.763271847721485
2.546519291504056,2.5746034226204118,1.0,2.963681111775771
2.037974369629056,2.125281399758473,2.0,2.8181156360831183
3.625864994629056,3.4820823183745424,2.0,2.8864792715054284
4.166026127441556,3.884210118642394,2.0,4.342269846527958
3.141612064941556,2.550360030183312,1.0,1.9099741061160391
2.897349369629056,2.397823424293923,2.0,2.05297401605716
2.896250736816556,2.221245236352069,2.0,2.2351307308414192
2.597788822754056,2.178959270270892,2.0,2.2009706331395282
4.666514408691556,3.838896848984636,2.0,2.3254077247103675
2.945323002441556,2.263223316518501,2.0,2.7180295355022315
5.767222416504056,5.25968200531811,3.0,4.447230433252061
5.560313236816556,5.104257369715421,3.0,5.827984056572619
5.092234623535306,4.57361699288136,3.0,4.983468012370117
5.631724369629056,5.165838426518135,3.0,4.895671685453697
2.838023197754056,3.369873981481326,2.0,3.231799094785732
4.551035893066556,4.343513245157448,2.0,3.170405458490332
4.017344486816556,4.096728495769957,2.0,3.0959861001005726
1.578013432129056,2.0797387999863406,1.0,2.66532271642008
2.890513432129056,3.230849834442644,2.0,2.9460316138830054
3.663218510254056,4.102040825036952,2.0,3.2644410482857933
2.104624760254056,2.3702957056977847,6.0,2.9451914457017287
3.027110111816556,3.371969360500504,3.0,3.595883786872573
3.236216557129056,3.363880834698739,3.0,3.725256650617363
1.250498783691556,2.030878223010065,3.0,3.686636799832698
3.026499760254056,3.348877282705065,3.0,3.283636123043525
4.081675541504056,4.192301056751884,3.0,4.028131269690475
4.405406010254056,4.473002367317598,3.0,4.410676432455368
2.793955814941556,2.8790324081062475,2.0,2.9363174863859247
2.355357182129056,2.4103510667860344,2.0,2.929306173965351
2.819041264160306,2.809679108144468,2.0,2.893474717329659
2.243296635254056,2.2807273601531297,2.0,2.7295306270183
2.005320561035306,2.200600076581376,2.0,2.8288401800622958
2.193980229004056,2.4204061722749275,2.0,2.8640992168130293
1.863657963379056,2.3786212604556582,2.0,3.2254741146493564
2.254038822754056,2.545682445037912,2.0,3.0043702997811073
2.572886479004056,2.754416936967995,2.0,2.9067874114508867
2.041880619629056,2.823723068801748,2.0,3.2288981433468784
2.854746830566556,3.2636459648390947,2.0,3.0857349340913385
1.729197514160306,1.743194072726291,1.0,2.0093848609674234
1.986948979004056,1.6735307839729598,1.0,2.024442990895974
7.610575687988431,6.625096739708825,3.0,5.8762881075298825
5.712382328613431,6.21688011946609,3.0,6.604838640498594
6.112650883300931,5.682910508555212,3.0,4.4166473375034405
5.615916264160306,5.317444711049917,3.0,5.006179772279232
6.688944828613431,6.376537960696073,3.0,5.602652820060778
4.082499516113431,3.993585351972515,3.0,4.9420924225024745
3.321513187988431,3.388657937576276,3.0,6.2552257221825425
3.506327641113431,3.570240776426118,3.0,6.230660461965225
3.180399906738431,3.192711076618933,3.0,4.5547463449551735
3.538676273925931,3.224655036921953,3.0,4.691364625372065
4.348612797363431,4.012560219807577,3.0,4.669148458751206
1.712779057129056,2.1578402759208632,2.0,2.7413379341255855
1.943247807129056,2.238183051644395,2.0,2.8517107426710733
3.411265385254056,3.4539091155961814,2.0,2.733148944125228
2.855235111816556,3.1162104684371954,2.0,2.742210400559293
2.330210697754056,2.550812320445138,1.0,2.315112741315068
2.010020268066556,2.160608104188168,2.0,2.734759820731926
2.656138432129056,2.7297762313338,2.0,2.62033128740765
4.265391361816556,4.018983854459592,2.0,2.799089795184235
2.225108158691556,2.264711895567167,2.0,2.305700506465342
3.776957523925931,3.963160038334223,2.0,3.2041033477533225
3.236063969238431,3.6887382136349984,2.0,3.228918667907299
2.391703617675931,2.715302581674804,2.0,3.1962568611920688
2.844218266113431,3.1366412503502143,2.0,3.015010850078415
5.105082523925931,4.963200295615373,2.0,3.21953217806851
2.864848148925931,2.9375858515525763,2.0,2.826250542574288
4.108531010254056,3.8876994419793434,2.0,3.782635507573635
5.949839604004056,5.776294069289278,3.0,5.760646946365964
5.899119389160306,5.4782171535966455,3.0,4.339107738973642
5.640513432129056,5.045511524667439,3.0,3.513010003793091
5.586192143066556,5.117594842907721,3.0,5.216130867484027
7.705943119629056,6.83812570248768,3.0,6.30138594539084
3.523570072754056,3.50791700760127,2.0,2.748421952719698
2.379984867675931,2.6366234185468063,2.0,3.802813812256603
3.200053227050931,3.4130971550509623,2.0,3.226782081829081
3.228983891113431,3.348956535080151,2.0,3.5157284795594603
3.957987797363431,4.747745977050457,2.0,5.5591017494843955
3.456278812988431,3.73732972856306,2.0,3.4317625743260645
3.728251469238431,4.286813917970044,3.0,3.7951072683027625
2.102915775879056,2.41992319203581,2.0,3.2299677756726637
2.465464604004056,2.7089334355195938,2.0,3.225272906763179
3.033823979004056,3.122018335686115,2.0,3.468962109519318
2.788218510254056,3.2771833920749165,2.0,3.7365682524446706
4.499766361816556,4.434542975192287,2.0,4.699802081435539
7.068583500488431,6.732117411405392,3.0,5.057153903571223
4.667918217285306,4.513275040370853,1.0,4.176732049639778
5.289988529785306,4.896096962230742,1.0,5.302973406358068
5.319804203613431,5.16068051868613,3.0,5.092227599366781
4.296397221191556,3.6156363483456366,2.0,3.008631437823854
3.603220951660306,2.8403323923663777,1.0,2.1558526931968656
4.649912846191556,4.03809246970031,2.0,3.074098571896955
4.132334721191556,3.690535941804395,2.0,3.3656268220304564
2.510142338379056,2.6694390620859387,1.0,3.6382342669062044
3.579051029785306,3.713327515303671,3.0,3.67019510951731
2.294688236816556,2.227382690645792,2.0,2.610760032752894
1.468394291504056,1.6447830294328851,2.0,2.037892731814453
2.110728275879056,2.084982395018585,2.0,2.5374500712394914
1.963267338379056,1.9558517623962224,2.0,2.6654717922552686
2.601328861816556,2.440125040142012,2.0,2.830556867657619
3.067027104004056,2.796762998987596,2.0,2.750884182487706
2.677256596191556,3.053517813887043,2.0,2.9285185108442295
3.521372807129056,3.357016064817413,2.0,3.5173224111964467
1.137705814941556,1.557297380043658,2.0,3.550604790148101
2.629282963379056,2.850517951814836,2.0,3.1780331665359904
3.787730229004056,4.056710612379503,2.0,4.314163754871583
4.875620854004056,4.679568791564426,2.0,5.062556399926295
4.962290775879056,4.815612143376472,3.0,4.112786295921683
5.191538822754056,5.017083335626814,3.0,5.486574500809198
4.630869877441556,4.456374445847391,3.0,4.342346141742819
4.388865482910306,4.354815422262633,3.0,4.410681258706833
4.578562748535306,4.486998812325715,3.0,4.929157266796334
4.419566166504056,4.402981852629148,3.0,4.762223333399792
2.799906742675931,2.9651968589905167,2.0,3.527364863127666
2.103739750488431,2.512661086528876,2.0,3.6449213554263222
2.282206547363431,2.550138448231686,2.0,3.081643815834772
2.120341312988431,2.365448140274556,2.0,3.102638711703308
2.613993656738431,2.7144868933266686,2.0,3.2389061793905216
3.813578617675931,3.667539320888702,2.0,3.2357067480053505
2.941294682129056,2.790034367036101,2.0,2.6171137970953615
3.175669682129056,2.9808872054260904,2.0,2.227254462427646
2.593638432129056,2.6597692631843466,2.0,2.6842268814356367
4.042246830566556,3.747181325350117,2.0,3.0348991905862484
3.196665775879056,3.268620341969273,2.0,2.986107667890372
2.783946049316556,2.721416264376616,2.0,3.018748212615993
3.596140873535306,3.4534406848036503,2.0,3.459331714207744
3.312479984863431,3.195578438050528,1.0,3.654600405978692
3.334666264160306,3.2048862962351707,1.0,3.5024831360172004
4.870097172363431,4.4834927007252,2.0,3.2601977811618847
5.382182133300931,4.803940188477276,2.0,4.437372230554453
2.252146732910306,2.444857877118328,2.0,2.9059957007160184
2.408579838379056,2.570084718452028,2.0,2.943889588689526
2.310923588379056,2.4791987413555283,1.0,2.555282448863648
3.390574467285306,3.262623755953207,2.0,3.2218468538989926
3.845835697754056,3.375207090949218,2.0,3.455983066414415
3.879771244629056,3.4270585135556324,2.0,3.6546778717579436
2.078501713379056,2.2458305398501404,1.0,2.6216142274722007
3.952036869629056,3.786619000114732,2.0,2.979723280354361
3.270640385254056,3.227908048437597,2.0,2.9889718158303764
2.009409916504056,2.175778572753768,2.0,2.727465768864615
3.652964604004056,3.5056217171977107,2.0,3.219464280932464
4.942637455566556,4.789815429952766,2.0,3.608600426238944
5.714610111816556,5.413817514141918,2.0,6.900700406242892
3.210337650879056,3.2071678783612474,2.0,3.0963143386890986
2.251963627441556,2.3919391854274643,2.0,3.0844114844208668
2.541392338379056,2.673996266803668,2.0,3.2101978220203993
4.651621830566556,4.402167826214984,2.0,3.770194421095053
2.546153080566556,2.456738428197255,2.0,2.83659217795553
5.462168705566556,5.062182447398645,3.0,3.980919718467423
5.551157963379056,5.2396457516853765,3.0,5.371697419466595
5.273081791504056,5.0507987534584,3.0,4.31832420697878
6.852183354004056,6.183446515248743,3.0,6.42874169103183
4.732310307129056,4.366825342995687,3.0,5.317071109849666
4.653330814941556,4.45696360745736,3.0,5.363178194560554
4.863902104004056,4.580966725529489,3.0,5.583183914736376
5.602000248535306,5.138485430359847,3.0,4.575060079592733
1.213877689941556,1.2743784970798022,2.0,2.602573967840717
1.344004643066556,1.4201709579949036,1.0,2.5458083350778193
1.056529057129056,1.3482854206138302,1.0,2.532191387781382
2.758677494629056,2.841977694627672,2.0,2.6752836984895914
2.393443119629056,2.3849112706532822,2.0,2.606744937853124
3.156931889160306,2.8468126354290164,2.0,2.743273539724324
2.389048588379056,2.211425474605216,2.0,2.5648834321530884
2.094187748535306,2.0946679162391946,2.0,2.6135447743270888
0.2409772993165559,1.035201974414509,2.0,2.27030062937103
1.838023197754056,1.9245441851590064,2.0,2.480370017933572
3.159678471191556,3.0749601661733936,2.0,2.3776939175754945
1.982310307129056,2.094341907227956,2.0,2.6445185279785752
3.821177494629056,3.445318723984298,2.0,2.9336446957351985
2.047739994629056,1.964698842204664,2.0,2.6432131652948616
3.582041752441556,3.30813932271167,3.0,3.9976254356828327
4.529185307129056,4.030863689160837,3.0,4.2563176874764554
4.640025150879056,4.512319201779475,3.0,3.6053873636658276
2.639109623535306,2.674103070018759,2.0,3.06598621454712
3.221446049316556,2.9999230539866386,2.0,2.54908667171454
1.862925541504056,1.9993172888418809,2.0,2.7453064837482968
2.384409916504056,2.3938612059837205,2.0,3.1508439731299647
3.804698002441556,3.385715537135197,2.0,3.0729767250386053
2.529185307129056,2.728326254095822,2.0,3.1271383611650614
1.641612064941556,1.9856470543882463,2.0,3.2491590482726713
1.099741947754056,1.4090704898585802,2.0,2.4073657599403866
2.119761479004056,2.29795089944259,2.0,2.90327657170917
2.043589604004056,2.165560526339238,2.0,2.9487219671617404
3.435435307129056,3.2681769644263547,2.0,3.2887674506925904
2.267832768066556,2.3791844565776343,2.0,2.9846084387581877
1.312022221191556,1.9669700816912536,1.0,1.9864521455123747
0.805674564941556,1.4005307530957372,2.0,2.5360672189364517
1.296519291504056,1.846989877738478,2.0,3.0117983671949795
1.866831791504056,2.3191611985667526,2.0,2.6681748372622707
3.101939213379056,3.065848007431862,1.0,3.141576807047753
3.019541752441556,2.953959410965032,2.0,2.483062622421747
2.009165775879056,2.500736393932218,1.0,2.6836558059291993
2.758555424316556,2.6881370283050594,2.0,2.8955942847846776
2.199656498535306,2.035920669653242,2.0,2.6747699980199413
2.724497807129056,2.6327889000486437,2.0,2.869980030335605
2.732554447754056,2.738253340630208,2.0,2.80856776604245
2.359080326660306,2.475768767349034,2.0,3.468814384026433
1.526988041504056,2.131952907840331,1.0,2.604802826036486
0.347422611816556,1.1256063337868611,1.0,2.5577705089970757
1.294810307129056,1.9507752632138653,1.0,2.6710533284076576
3.255503666504056,3.3981081380429576,1.0,2.901219517889954
2.992198002441556,2.7876427710053595,2.0,2.77034100425066
2.765269291504056,2.7102338781033426,2.0,2.774131893801945
2.756602299316556,2.7278383952472933,2.0,2.772856980326004
2.903452885254056,2.737332728570501,2.0,2.624630659047835
2.729258549316556,2.4335261305618805,1.0,2.592605237412114
1.740122807129056,1.8814041301722648,2.0,3.1890943689620714
1.820689213379056,1.900912697260408,2.0,3.5710399401111994
3.429209721191556,3.550896915856895,2.0,3.4275075035287594
2.371287357910306,2.5022893851024675,1.0,2.2962005166771946
3.930918705566556,3.884366802023716,2.0,2.9996219730916414
3.572764408691556,3.509932506000008,2.0,3.2297831520966853
3.411753666504056,3.226707374984897,2.0,3.1144303382265326
2.269480717285306,2.1317462163535588,2.0,2.6687115576131095
2.117442143066556,2.192897321206096,1.0,2.787835564576273
2.323618900879056,2.4404468674898285,1.0,2.9799466638202072
1.784129154785306,2.012951369128833,1.0,2.819589616338241
5.159281742675931,4.98975743248825,2.0,4.20892755186216
3.938944828613431,4.1670000628166495,2.0,3.660136105273879
4.594676029785306,4.439305401246535,2.0,3.728233295446201
3.810282719238431,3.663711923879028,2.0,3.514657601845603
3.568064701660306,3.630879447802815,2.0,3.5232581121485125
3.941996586425931,3.995832213149032,3.0,3.5807064891835267
4.944956791504056,5.0997194846652,2.0,4.8258784706327305
3.466441166504056,3.8884577782982888,3.0,4.919782121789819
2.874766361816556,3.298262757351496,1.0,4.1025266820098745
4.015025150879056,4.09675221244859,3.0,3.7977649409869523
3.206004154785306,3.5590392693051403,3.0,3.6446245123848775
3.008738529785306,3.1062980926196064,3.0,3.7860521856692513
3.083628666504056,3.205158618044709,3.0,3.631725924379587
3.768687260254056,3.822264812941103,3.0,3.92957758687699
3.577342045410306,3.4904623185921126,3.0,4.605692418173344
3.579844486816556,3.426087653389009,3.0,3.414935112992481
5.356089604004056,4.926979920064804,3.0,4.222064780516454
3.190379154785306,3.4943518043811816,2.0,3.565171205150922
3.121226322754056,3.480750364179224,2.0,3.883391023084335
3.776988041504056,3.961772554856884,2.0,3.6722924984535155
3.752879154785306,3.7478881075533375,2.0,4.390553229838472
3.645640385254056,3.4889140415921043,2.0,2.9345266307319826
2.857066166504056,2.731014341999088,2.0,2.6304803540271315
4.526499760254056,4.132160151079349,2.0,2.717299040426126
4.790293705566556,4.459032430948328,2.0,3.0422114378909377
4.748667729004056,4.3661893590479774,2.0,3.301063417691802
3.469981205566556,3.3901858660548347,2.0,3.1493649131879664
3.964365971191556,3.9195443428104215,2.0,2.966805253518921
2.816538822754056,2.664784083773188,1.0,3.0753450904386557
0.2451276899415559,0.6282158119036856,1.0,1.988282925122424
1.219737064941556,1.648715807234116,2.0,2.5101924820216897
1.169199955566556,1.282236735341031,2.0,2.178808301315117
2.564707768066556,2.68579021984602,2.0,3.129868464317153
3.256236088379056,3.090990392247865,2.0,3.4168016422277865
2.452036869629056,2.261028573619108,1.0,3.2153951204515248
3.574961674316556,3.299429142382885,2.0,3.2347813034476487
6.257456791504056,6.077835898765269,3.0,6.733203283593643
5.363780033691556,5.301261237099855,3.0,6.27789185710949
5.036509525879056,4.831580378657248,3.0,6.4145201598888875
5.176218998535306,4.910779781733303,3.0,5.681342438131666
3.485301029785306,3.590924274613106,2.0,3.988996906620439
3.450327885254056,3.73690899846076,2.0,3.3889547700497307
3.710459721191556,3.850291091800508,2.0,3.528014839979133
3.778452885254056,3.7304447813331296,2.0,3.7787510658365373
2.163950932129056,2.240138857742761,1.0,3.2010068165567898
3.712046635254056,3.5145527017928293,2.0,3.494081331507669
3.571055424316556,3.3892925240779705,2.0,3.256079262132351
2.161753666504056,2.23978345590023,2.0,3.9067193410862795
4.351206791504056,4.030047432489224,2.0,3.433658722609438
3.345347416504056,3.298935988020814,2.0,3.307415293523753
1.827158939941556,2.078340483303084,2.0,2.936878191896421
2.609385502441556,2.828695856053451,2.0,3.135825690611329
3.498301518066556,3.5219308248085985,2.0,3.0962168580442992
2.055552494629056,2.134881088985476,2.0,3.112392737595742
2.212290775879056,2.253085617481314,2.0,2.761923346912718
2.352183354004056,2.265222259009249,2.0,3.480151263658467
3.545542729004056,3.260751319165123,2.0,3.0324373515711804
2.495249760254056,2.5118596453208286,2.0,2.8102534914047097
1.799204838379056,1.958102894307284,2.0,2.768082852074655
5.157359135254056,5.052745774081981,3.0,4.552187423394257
4.280650150879056,4.206704255455382,3.0,4.370287522874469
4.160410893066556,4.2456845497746905,3.0,4.177537707251691
4.469859135254056,4.392666929044658,3.0,4.218403790913255
1.055430424316556,1.3623556854164256,2.0,2.384730001952649
1.404917729004056,1.841340784635132,2.0,2.5819543763430226
1.808848393066556,2.12193480143284,2.0,2.6822411387022007
3.346812260254056,3.34630147621461,2.0,2.66439040659211
2.910777104004056,3.2107921908248978,2.0,2.9056377858777847
2.299815189941556,2.644339708111281,2.0,2.7433906814304154
2.327891361816556,2.520823203090939,2.0,3.384902856594523
2.624156010254056,2.70535783646843,2.0,3.1052767955710228
3.090952885254056,3.0007257584211184,2.0,3.322638833870992
4.067271244629056,3.775578891596018,2.0,3.782167576769408
2.682749760254056,2.7407745439968765,2.0,2.941282038259528
3.221323979004056,3.029190851718567,2.0,3.0575398804890996
4.802012455566556,4.168124387679921,2.0,3.0700615206174278
3.523570072754056,3.2548255981957297,2.0,3.827410201908447
2.831187260254056,3.0234818225033124,2.0,2.8838896212480214
5.531962406738431,5.135310644671194,2.0,3.704912242520259
5.359721195800931,5.235338298952364,2.0,3.620316212062881
6.044779789550931,5.350908540859009,2.0,4.929790866191691
4.369364750488431,4.572856916406659,3.0,3.9916127296437955
5.287333500488431,5.419459452616328,3.0,3.9116522143904326
5.292216312988431,4.899123860824474,3.0,3.540772461342265
1.267832768066556,1.5830179268781652,1.0,2.055792778456999
2.693614018066556,2.711874606979466,1.0,2.532717559493555
1.853404057129056,2.09410671711792,2.0,2.570300265216438
2.451548588379056,2.449917005671341,2.0,2.150771625623251
1.902476322754056,1.9772482860978096,2.0,2.425634282551386
2.776621830566556,2.3935593251948,2.0,2.6942745410587428
2.978892338379056,2.6384052233613424,2.0,2.6224963205580556
4.215342533691556,3.705631248361656,2.0,2.816606052935867
2.369883549316556,2.02379395167688,2.0,2.254568087589623
1.770945561035306,2.281120527347012,2.0,3.133094803873149
3.512217533691556,3.8384336424049823,2.0,3.6274842655876722
2.127329838379056,2.600539359634224,2.0,3.0043595936494207
2.389414799316556,2.719105292371689,2.0,3.130283003027727
2.451792729004056,2.823043401587322,1.0,2.81173426242041
2.464610111816556,2.923229819146493,1.0,2.9622679330494908
2.026499760254056,1.9769078234411608,2.0,2.5160803951328257
1.942393314941556,2.031017200294172,2.0,2.623509071199293
2.052744877441556,2.370014325045566,2.0,2.9351901024592033
1.592417729004056,1.920215073626611,1.0,2.644826172143258
2.521739018066556,2.362026429432423,1.0,2.5862762417655722
2.174693119629056,2.675742807574498,2.0,3.1341379278500145
3.716685307129056,3.699562046472312,2.0,3.0017451241799775
4.302226078613431,4.077039739998378,3.0,3.0902473856615367
3.098246586425931,3.0704241850605527,3.0,3.0122439350159493
4.365458500488431,4.085919291691281,1.0,2.900491809142632
5.431986820800931,5.048387489701467,3.0,3.2319189414482667
6.044535648925931,5.450462998279704,3.0,4.929995301505359
5.432963383300931,5.0635292646472045,3.0,3.5704696479110702
1.460398686035306,1.6875511761625572,2.0,2.8184016139149968
2.358286869629056,2.4413077298134684,2.0,2.978481060858643
2.448863041504056,2.8734082114225297,2.0,3.8309841714863726
2.248728764160306,2.545410835858778,2.0,4.212625455023224
4.012292564763458,3.621478944621872,2.0,2.9897778617912856
3.3203980335134573,2.945762693868085,2.0,2.8158649842119243
